{
  "statusCode": 200,
  "success": true,
  "result": {
    "status": 200,
    "data": [
      {
        "name": "天坛",
        "value": [116.410886, 39.881949]
      },
      {
        "name": "颐和园",
        "value": [116.273949, 39.999092]
      }
    ]
  }
}
