{
  "statusCode": 200,
  "success": true,
  "result": {
    "status": 200,
    "data": [
      {
        "name": "天坛",
        "value": [269, 297]
      },
      {
        "name": "颐和园",
        "value": [527.1285277909597, 316.6819451338472]
      }
    ]
  }
}
